INSERT INTO permission (id, name, created_at, updated_at)
VALUES (1, 'USER_READ', NOW(6), NOW(6)),
       (2, 'USER_WRITE', NOW(6), NOW(6)),
       (3, 'PRODUCT_READ', NOW(6), NOW(6)),
       (4, 'PRODUCT_WRITE', NOW(6), NOW(6)),
       (5, 'ORDER_READ', NOW(6), NOW(6)),
       (6, 'ORDER_WRITE', NOW(6), NOW(6)),
       (8, 'CURATION_READ', NOW(6), NOW(6)),
       (9, 'CURATION_WRITE', NOW(6), NOW(6));

INSERT INTO role (id, name, created_at, updated_at)
VALUES (1, 'OPERATOR', NOW(6), NOW(6)),
       (2, 'OPERATOR_CS', NOW(6), NOW(6)),
       (3, 'PARTNER', NOW(6), NOW(6)),
       (4, 'PARTNER_STAFF', NOW(6), NOW(6)),
       (5, 'CUSTOMER', NOW(6), NOW(6));

INSERT INTO role_permission (role_id, permission_id)
VALUES (1, 1),
       (1, 2),
       (1, 3),
       (1, 4),
       (1, 5),
       (1, 6),
       (1, 8),
       (1, 9),
       (2, 1),
       (2, 2),
       (2, 5),
       (2, 6),
       (3, 3),
       (3, 4),
       (3, 5),
       (3, 6),
       (3, 8),
       (3, 9),
       (4, 3),
       (4, 5);

INSERT INTO menu (id, name, path, sort_order, parent_id, created_at, updated_at)
VALUES (1, '회원', NULL, 1, NULL, NOW(6), NOW(6)),
       (2, '상품', NULL, 2, NULL, NOW(6), NOW(6)),
       (3, '주문', NULL, 3, NULL, NOW(6), NOW(6)),
       (4, '큐레이션', NULL, 4, NULL, NOW(6), NOW(6));

INSERT INTO menu (id, name, path, sort_order, parent_id, created_at, updated_at)
VALUES (5, '회원관리', '/users', 1, 1, NOW(6), NOW(6)),
       (6, '교통수단관리', '/products/transports', 1, 2, NOW(6), NOW(6)),
       (7, '숙박관리', '/products/accommodations', 2, 2, NOW(6), NOW(6)),
       (9, '주문관리', '/orders', 1, 3, NOW(6), NOW(6)),
       (10, '큐레이션관리', '/curations', 1, 4, NOW(6), NOW(6));

INSERT INTO permission_menu (permission_id, menu_id)
VALUES (1, 1),
       (1, 5),
       (2, 1),
       (2, 5),
       (3, 2),
       (3, 6),
       (3, 7),
       (4, 2),
       (4, 6),
       (4, 7),
       (5, 3),
       (5, 9),
       (6, 3),
       (6, 9),
       (8, 4),
       (8, 10),
       (9, 4),
       (9, 10);

INSERT INTO company (id, name, business_number, address, phone_number, created_at, updated_at)
VALUES (1, '테크 코퍼레이션', '123-45-67890', '서울특별시 강남구 테헤란로 123', '02-1234-5678', NOW(6), NOW(6)),
       (2, '글로벌 파트너스', '234-56-78901', '서울특별시 서초구 서초대로 456', '02-2345-6789', NOW(6), NOW(6)),
       (3, '이노베이션 그룹', '345-67-89012', '경기도 성남시 분당구 판교역로 789', '031-3456-7890', NOW(6), NOW(6)),
       (4, '비즈니스 솔루션', '456-78-90123', '서울특별시 마포구 월드컵북로 321', '02-4567-8901', NOW(6), NOW(6)),
       (5, '엔터프라이즈 주식회사', '567-89-01234', '부산광역시 해운대구 센텀중앙로 654', '051-5678-9012', NOW(6), NOW(6));

INSERT INTO product (id, category, status, name, description, price, quantity, exposure_attribute, created_by,
                     updated_by,
                     created_at, updated_at)
VALUES (1, 'TRANSPORT', 'SELLING', '인천-도쿄 왕복', '대한항공 직항 이코노미 클래스', 450000, 100,
        '{"isPromotional": false, "isNewArrival": false, "isFeatured": true, "isLowStock": false}', 1, 1, NOW(6),
        NOW(6)),
       (2, 'TRANSPORT', 'SELLING', '김포-오사카 왕복', '아시아나항공 직항 비즈니스 클래스', 850000, 50,
        '{"isPromotional": true, "isNewArrival": false, "isFeatured": false, "isLowStock": false}', 1, 1, NOW(6),
        NOW(6)),
       (3, 'TRANSPORT', 'SELLING', '인천-방콕 왕복', '타이항공 직항 이코노미 클래스', 520000, 80,
        '{"isPromotional": false, "isNewArrival": false, "isFeatured": true, "isLowStock": false}', 1, 1, NOW(6),
        NOW(6)),
       (4, 'TRANSPORT', 'SELLING', '인천-싱가포르 왕복', '싱가포르항공 직항 프리미엄 이코노미', 780000, 60, NULL, 1, 1, NOW(6),
        NOW(6)),
       (5, 'TRANSPORT', 'SELLING', '인천-하노이 왕복', '베트남항공 직항 이코노미 클래스', 380000, 120,
        '{"isPromotional": true, "isNewArrival": false, "isFeatured": false, "isLowStock": false}', 1, 1, NOW(6),
        NOW(6)),
       (6, 'TRANSPORT', 'SELLING', '인천-홍콩 왕복', '캐세이퍼시픽 직항 비즈니스 클래스', 920000, 40, NULL, 1, 1, NOW(6), NOW(6)),
       (7, 'TRANSPORT', 'SELLING', '인천-LA 왕복', '대한항공 직항 이코노미 클래스', 1250000, 70, NULL, 1, 1, NOW(6), NOW(6)),
       (8, 'TRANSPORT', 'DISCONTINUED', '인천-파리 왕복', '에어프랑스 직항 비즈니스 클래스', 3200000, 30, NULL, 1, 1, NOW(6),
        NOW(6)),
       (9, 'TRANSPORT', 'SELLING', '인천-다낭 왕복', '비엣젯 직항 이코노미', 320000, 90,
        '{"isPromotional": true, "isNewArrival": false, "isFeatured": false, "isLowStock": false}', 1, 1, NOW(6),
        NOW(6)),
       (10, 'TRANSPORT', 'SELLING', '인천-세부 왕복', '필리핀항공 직항 이코노미', 280000, 110,
        '{"isPromotional": true, "isNewArrival": false, "isFeatured": false, "isLowStock": false}', 1, 1, NOW(6),
        NOW(6)),
       (11, 'TRANSPORT', 'SELLING', '인천-푸켓 왕복', '타이항공 직항 이코노미', 480000, 65,
        '{"isPromotional": false, "isNewArrival": false, "isFeatured": true, "isLowStock": false}', 1, 1, NOW(6),
        NOW(6)),
       (12, 'TRANSPORT', 'SELLING', '인천-발리 왕복', '가루다인도네시아 직항 비즈니스', 1150000, 35, NULL, 1, 1, NOW(6),
        NOW(6)),
       (13, 'TRANSPORT', 'SELLING', '인천-타이페이 왕복', '에바항공 직항 이코노미', 350000, 95,
        '{"isPromotional": true, "isNewArrival": false, "isFeatured": false, "isLowStock": false}', 1, 1, NOW(6),
        NOW(6)),
       (14, 'TRANSPORT', 'SELLING', '인천-괌 왕복', '유나이티드항공 직항 이코노미', 680000, 55, NULL, 1, 1, NOW(6), NOW(6)),
       (15, 'TRANSPORT', 'SELLING', '인천-사이판 왕복', '아시아나항공 직항 이코노미', 720000, 45, NULL, 1, 1, NOW(6), NOW(6)),
       (16, 'TRANSPORT', 'SELLING', '인천-코타키나발루 왕복', '말레이시아항공 직항 이코노미', 420000, 70, NULL, 1, 1, NOW(6), NOW(6)),
       (17, 'TRANSPORT', 'SELLING', '인천-상하이 왕복', '중국동방항공 직항 비즈니스', 680000, 80, NULL, 1, 1, NOW(6), NOW(6)),
       (18, 'TRANSPORT', 'SELLING', '인천-베이징 왕복', '중국국제항공 직항 이코노미', 420000, 90, NULL, 1, 1, NOW(6), NOW(6)),
       (19, 'TRANSPORT', 'SELLING', '인천-시드니 왕복', '대한항공 직항 프리미엄 이코노미', 1680000, 40, NULL, 1, 1, NOW(6), NOW(6)),
       (20, 'TRANSPORT', 'SELLING', '인천-뉴욕 왕복', '대한항공 직항 비즈니스', 4500000, 25,
        '{"isPromotional": false, "isNewArrival": false, "isFeatured": true, "isLowStock": false}', 1, 1, NOW(6),
        NOW(6)),
       (21, 'TRANSPORT', 'SELLING', '인천-런던 왕복', '대한항공 직항 비즈니스', 4200000, 30,
        '{"isPromotional": false, "isNewArrival": false, "isFeatured": true, "isLowStock": false}', 1, 1, NOW(6),
        NOW(6)),
       (22, 'TRANSPORT', 'SELLING', '인천-프랑크푸르트 왕복', '루프트한자 직항 이코노미', 1380000, 50, NULL, 1, 1, NOW(6), NOW(6)),
       (23, 'TRANSPORT', 'SELLING', '인천-로마 왕복', '대한항공 경유 이코노미', 1520000, 45, NULL, 1, 1, NOW(6), NOW(6)),
       (24, 'TRANSPORT', 'SELLING', '인천-두바이 왕복', '에미레이트 직항 이코노미', 980000, 60, NULL, 1, 1, NOW(6), NOW(6)),
       (25, 'TRANSPORT', 'SELLING', '인천-이스탄불 왕복', '터키항공 직항 이코노미', 920000, 55, NULL, 1, 1, NOW(6), NOW(6)),
       (26, 'ACCOMMODATION', 'SELLING', '신라호텔 서울', '명동 5성급 호텔 디럭스룸 1박', 350000, 30,
        '{"isPromotional": false, "isNewArrival": false, "isFeatured": true, "isLowStock": false}', 1, 1, NOW(6),
        NOW(6)),
       (27, 'ACCOMMODATION', 'SELLING', '제주 신라호텔', '제주 5성급 호텔 오션뷰 2박', 680000, 20,
        '{"isPromotional": false, "isNewArrival": false, "isFeatured": true, "isLowStock": false}', 1, 1, NOW(6),
        NOW(6)),
       (28, 'ACCOMMODATION', 'SELLING', '롯데호텔 부산', '해운대 5성급 호텔 스위트룸 1박', 420000, 25, NULL, 1, 1, NOW(6), NOW(6)),
       (29, 'ACCOMMODATION', 'SELLING', '파라다이스시티 인천', '인천 복합리조트 디럭스룸 1박', 280000, 50,
        '{"isPromotional": true, "isNewArrival": false, "isFeatured": false, "isLowStock": false}', 1, 1, NOW(6),
        NOW(6)),
       (30, 'ACCOMMODATION', 'SELLING', '한화리조트 설악', '설악산 리조트 패밀리룸 2박', 320000, 40, NULL, 1, 1, NOW(6), NOW(6)),
       (31, 'ACCOMMODATION', 'PENDING', '그랜드하얏트 서울', '남산뷰 5성급 호텔 클럽룸 1박', 480000, 20, NULL, 1, 1, NOW(6), NOW(6)),
       (32, 'ACCOMMODATION', 'SELLING', '웨스틴조선 부산', '광안리뷰 5성급 호텔 프리미어룸 1박', 380000, 35, NULL, 1, 1, NOW(6),
        NOW(6)),
       (33, 'ACCOMMODATION', 'SELLING', '반얀트리 클럽 앤 스파 서울', '남산 럭셔리 스파 호텔 스위트 1박', 750000, 15,
        '{"isPromotional": false, "isNewArrival": false, "isFeatured": true, "isLowStock": false}', 1, 1, NOW(6),
        NOW(6)),
       (34, 'ACCOMMODATION', 'SELLING', '포시즌스 서울', '광화문 초고급 호텔 디럭스룸 1박', 650000, 18,
        '{"isPromotional": false, "isNewArrival": false, "isFeatured": true, "isLowStock": false}', 1, 1, NOW(6),
        NOW(6)),
       (35, 'ACCOMMODATION', 'SELLING', '제주 해비치 리조트', '제주 해변 리조트 오션뷰 2박', 480000, 45,
        '{"isPromotional": false, "isNewArrival": false, "isFeatured": true, "isLowStock": false}', 1, 1, NOW(6),
        NOW(6)),
       (36, 'ACCOMMODATION', 'SELLING', '켄싱턴호텔 강남', '강남역 비즈니스 호텔 디럭스룸 1박', 180000, 60,
        '{"isPromotional": true, "isNewArrival": false, "isFeatured": false, "isLowStock": false}', 1, 1, NOW(6),
        NOW(6)),
       (37, 'ACCOMMODATION', 'SELLING', '글래드호텔 여의도', '여의도 비즈니스 호텔 스탠다드룸 1박', 150000, 70,
        '{"isPromotional": true, "isNewArrival": false, "isFeatured": false, "isLowStock": false}', 1, 1, NOW(6),
        NOW(6)),
       (38, 'ACCOMMODATION', 'SELLING', '호텔 시그니엘 서울', '롯데월드타워 프리미엄룸 1박', 880000, 12,
        '{"isPromotional": false, "isNewArrival": false, "isFeatured": true, "isLowStock": false}', 1, 1, NOW(6),
        NOW(6)),
       (39, 'ACCOMMODATION', 'SELLING', '파크하얏트 부산', '해운대 럭셔리 호텔 파크뷰 1박', 520000, 22, NULL, 1, 1, NOW(6), NOW(6)),
       (40, 'ACCOMMODATION', 'SELLING', '메리어트 제주', '제주 비즈니스 호텔 디럭스룸 2박', 420000, 35,
        '{"isPromotional": false, "isNewArrival": false, "isFeatured": true, "isLowStock": false}', 1, 1, NOW(6),
        NOW(6)),
       (41, 'ACCOMMODATION', 'SELLING', '콘래드 서울', '여의도 IFC 호텔 이그제큐티브룸 1박', 580000, 25, NULL, 1, 1, NOW(6), NOW(6)),
       (42, 'ACCOMMODATION', 'SELLING', '안다즈 강남', '강남 라이프스타일 호텔 킹룸 1박', 380000, 30,
        '{"isPromotional": true, "isNewArrival": false, "isFeatured": false, "isLowStock": false}', 1, 1, NOW(6),
        NOW(6)),
       (43, 'ACCOMMODATION', 'SELLING', '오크우드 프리미어 인천', '송도 레지던스 호텔 스튜디오 3박', 450000, 40, NULL, 1, 1, NOW(6),
        NOW(6)),
       (44, 'ACCOMMODATION', 'SELLING', '힐튼 부산', '기장 힐튼 리조트 오션뷰 2박', 520000, 28, NULL, 1, 1, NOW(6), NOW(6)),
       (45, 'ACCOMMODATION', 'SELLING', '페어몬트 앰배서더 서울', '여의도 5성급 호텔 디럭스룸 1박', 420000, 32, NULL, 1, 1, NOW(6), NOW(6)),
       (46, 'ACCOMMODATION', 'SELLING', '그랜드 인터컨티넨탈 서울', '삼성동 5성급 호텔 그랜드룸 1박', 480000, 26, NULL, 1, 1, NOW(6),
        NOW(6)),
       (47, 'ACCOMMODATION', 'SELLING', 'JW 메리어트 동대문', '동대문 럭셔리 호텔 디럭스룸 1박', 380000, 38, NULL, 1, 1, NOW(6), NOW(6)),
       (48, 'ACCOMMODATION', 'SELLING', '제주 롯데호텔', '제주시 5성급 호텔 스탠다드룸 2박', 520000, 33, NULL, 1, 1, NOW(6), NOW(6)),
       (49, 'ACCOMMODATION', 'SELLING', '베스트웨스턴 프리미어 서울가든', '서초 비즈니스 호텔 디럭스룸 1박', 180000, 55, NULL, 1, 1, NOW(6),
        NOW(6)),
       (50, 'ACCOMMODATION', 'SELLING', '노보텔 앰배서더 강남', '강남 프리미엄 비즈니스 호텔 스위트 1박', 320000, 42, NULL, 1, 1, NOW(6),
        NOW(6));

INSERT INTO transport (product_id, departure_location, arrival_location, departure_time, arrival_time)
VALUES (1, '인천국제공항', '나리타국제공항', '2025-03-01 10:00:00', '2025-03-01 12:30:00'),
       (2, '김포국제공항', '간사이국제공항', '2025-03-15 14:00:00', '2025-03-15 16:00:00'),
       (3, '인천국제공항', '수완나품국제공항', '2025-04-01 09:00:00', '2025-04-01 13:00:00'),
       (4, '인천국제공항', '창이국제공항', '2025-04-10 11:00:00', '2025-04-10 16:30:00'),
       (5, '인천국제공항', '노이바이국제공항', '2025-04-20 08:00:00', '2025-04-20 11:30:00'),
       (6, '인천국제공항', '홍콩국제공항', '2025-05-01 13:00:00', '2025-05-01 16:00:00'),
       (7, '인천국제공항', '로스앤젤레스국제공항', '2025-05-15 10:00:00', '2025-05-15 06:00:00'),
       (8, '인천국제공항', '샤를드골국제공항', '2025-06-01 12:00:00', '2025-06-01 18:30:00'),
       (9, '인천국제공항', '다낭국제공항', '2025-03-20 11:00:00', '2025-03-20 14:00:00'),
       (10, '인천국제공항', '마탄국제공항', '2025-03-25 09:30:00', '2025-03-25 13:30:00'),
       (11, '인천국제공항', '푸켓국제공항', '2025-04-05 10:30:00', '2025-04-05 14:30:00'),
       (12, '인천국제공항', '응우라라이공항', '2025-04-12 08:00:00', '2025-04-12 14:00:00'),
       (13, '인천국제공항', '타오위안국제공항', '2025-04-15 15:00:00', '2025-04-15 17:00:00'),
       (14, '인천국제공항', '괌국제공항', '2025-04-22 10:00:00', '2025-04-22 14:30:00'),
       (15, '인천국제공항', '사이판국제공항', '2025-04-28 11:00:00', '2025-04-28 15:30:00'),
       (16, '인천국제공항', '코타키나발루국제공항', '2025-05-05 09:00:00', '2025-05-05 13:30:00'),
       (17, '인천국제공항', '푸둥국제공항', '2025-05-10 14:00:00', '2025-05-10 15:30:00'),
       (18, '인천국제공항', '베이징수도국제공항', '2025-05-15 10:00:00', '2025-05-15 11:30:00'),
       (19, '인천국제공항', '킹스포드스미스공항', '2025-05-20 19:00:00', '2025-05-21 07:00:00'),
       (20, '인천국제공항', 'JFK국제공항', '2025-06-01 12:00:00', '2025-06-01 12:30:00'),
       (21, '인천국제공항', '히드로공항', '2025-06-05 11:00:00', '2025-06-05 16:00:00'),
       (22, '인천국제공항', '프랑크푸르트공항', '2025-06-10 13:00:00', '2025-06-10 18:00:00'),
       (23, '인천국제공항', '피우미치노공항', '2025-06-15 14:00:00', '2025-06-15 22:00:00'),
       (24, '인천국제공항', '두바이국제공항', '2025-06-20 22:00:00', '2025-06-21 03:30:00'),
       (25, '인천국제공항', '이스탄불공항', '2025-06-25 23:00:00', '2025-06-26 05:00:00');

INSERT INTO accommodation (product_id, place, check_in_time, check_out_time)
VALUES (26, '서울특별시 중구 동호로 249', '2025-04-01 15:00:00', '2025-04-02 11:00:00'),
       (27, '제주특별자치도 서귀포시 색달동 3039-3', '2025-05-01 15:00:00', '2025-05-03 11:00:00'),
       (28, '부산광역시 해운대구 해운대해변로 30', '2025-04-15 15:00:00', '2025-04-16 11:00:00'),
       (29, '인천광역시 중구 영종해안남로 321', '2025-04-20 15:00:00', '2025-04-21 11:00:00'),
       (30, '강원도 속초시 설악산로 1456', '2025-05-10 15:00:00', '2025-05-12 11:00:00'),
       (31, '서울특별시 용산구 소월로 322', '2025-05-20 15:00:00', '2025-05-21 11:00:00'),
       (32, '부산광역시 수영구 광안해변로 268', '2025-06-01 15:00:00', '2025-06-02 11:00:00'),
       (33, '서울특별시 중구 장충동2가 산5-5', '2025-06-15 15:00:00', '2025-06-16 11:00:00'),
       (34, '서울특별시 종로구 새문안로 97', '2025-04-05 15:00:00', '2025-04-06 12:00:00'),
       (35, '제주특별자치도 제주시 구좌읍 해맞이해안로 628', '2025-04-10 15:00:00', '2025-04-12 11:00:00'),
       (36, '서울특별시 강남구 테헤란로 440', '2025-04-18 14:00:00', '2025-04-19 12:00:00'),
       (37, '서울특별시 영등포구 국제금융로 10', '2025-04-25 14:00:00', '2025-04-26 12:00:00'),
       (38, '서울특별시 송파구 올림픽로 300', '2025-05-02 15:00:00', '2025-05-03 12:00:00'),
       (39, '부산광역시 해운대구 마린시티2로 32', '2025-05-08 15:00:00', '2025-05-09 11:00:00'),
       (40, '제주특별자치도 제주시 노형동 925', '2025-05-12 15:00:00', '2025-05-14 11:00:00'),
       (41, '서울특별시 영등포구 국제금융로 10 Three IFC', '2025-05-18 15:00:00', '2025-05-19 12:00:00'),
       (42, '서울특별시 강남구 논현로 854', '2025-05-22 14:00:00', '2025-05-23 12:00:00'),
       (43, '인천광역시 연수구 컨벤시아대로 160', '2025-05-28 15:00:00', '2025-05-31 11:00:00'),
       (44, '부산광역시 기장군 기장읍 기장해안로 268-31', '2025-06-03 15:00:00', '2025-06-05 11:00:00'),
       (45, '서울특별시 영등포구 국제금융로 29', '2025-06-08 15:00:00', '2025-06-09 12:00:00'),
       (46, '서울특별시 강남구 테헤란로 521', '2025-06-12 15:00:00', '2025-06-13 12:00:00'),
       (47, '서울특별시 중구 청계천로 279', '2025-06-18 14:00:00', '2025-06-19 12:00:00'),
       (48, '제주특별자치도 제주시 도공로 35', '2025-06-22 15:00:00', '2025-06-24 11:00:00'),
       (49, '서울특별시 서초구 헌릉로 149', '2025-06-28 14:00:00', '2025-06-29 12:00:00'),
       (50, '서울특별시 강남구 언주로 508', '2025-07-02 14:00:00', '2025-07-03 12:00:00');

INSERT INTO curation (id, title, category, is_exposed, sort_order, created_by, updated_by, created_at, updated_at)
VALUES -- 홈 화면 (메인 페이지)
       (1, '지금 가장 인기있는 여행지', 'HOME', true, 1, 1, 1, NOW(6), NOW(6)),
       (2, '특가 할인 패키지', 'HOME', true, 2, 1, 1, NOW(6), NOW(6)),
       (3, 'MD 추천 상품', 'HOME', true, 3, 1, 1, NOW(6), NOW(6)),
       -- 카테고리 페이지
       (4, '동남아 베스트', 'CATEGORY', true, 1, 1, 1, NOW(6), NOW(6)),
       (5, '일본 여행 인기', 'CATEGORY', true, 2, 1, 1, NOW(6), NOW(6)),
       (6, '유럽 럭셔리', 'CATEGORY', true, 3, 1, 1, NOW(6), NOW(6)),
       -- 이벤트 페이지
       (7, '봄 여행 특가 이벤트', 'EVENT', true, 1, 1, 1, NOW(6), NOW(6)),
       (8, '여름 휴가 대전', 'EVENT', true, 2, 1, 1, NOW(6), NOW(6)),
       -- 프로모션 페이지
       (9, '3월 프로모션', 'PROMOTION', true, 1, 1, 1, NOW(6), NOW(6)),
       (10, '얼리버드 특가', 'PROMOTION', true, 2, 1, 1, NOW(6), NOW(6)),
       -- 마이페이지
       (11, '최근 본 상품과 유사한 상품', 'MY_PAGE', true, 1, 1, 1, NOW(6), NOW(6)),
       (12, '회원님을 위한 맞춤 추천', 'MY_PAGE', true, 2, 1, 1, NOW(6), NOW(6));

INSERT INTO curation_product (curation_id, product_id, sort_order)
VALUES -- 1. 지금 가장 인기있는 여행지 (HOME - 동남아, 제주, 일본)
       (1, 3, 1),
       (1, 27, 2),
       (1, 1, 3),
       (1, 26, 4),
       (1, 11, 5),
       (1, 35, 6),
       (1, 5, 7),
       (1, 9, 8),
       -- 2. 특가 할인 패키지 (HOME - 저렴한 상품)
       (2, 10, 1),
       (2, 36, 2),
       (2, 9, 3),
       (2, 37, 4),
       (2, 13, 5),
       (2, 49, 6),
       (2, 5, 7),
       (2, 29, 8),
       -- 3. MD 추천 상품 (HOME - 가성비 좋은 상품)
       (3, 13, 1),
       (3, 36, 2),
       (3, 3, 3),
       (3, 35, 4),
       (3, 10, 5),
       (3, 40, 6),
       (3, 16, 7),
       (3, 42, 8),
       -- 4. 동남아 베스트 (CATEGORY - 동남아 항공+숙박)
       (4, 3, 1),
       (4, 29, 2),
       (4, 5, 3),
       (4, 36, 4),
       (4, 9, 5),
       (4, 37, 6),
       (4, 11, 7),
       (4, 43, 8),
       -- 5. 일본 여행 인기 (CATEGORY - 일본 항공+숙박)
       (5, 1, 1),
       (5, 26, 2),
       (5, 2, 3),
       (5, 33, 4),
       (5, 13, 5),
       (5, 42, 6),
       (5, 27, 7),
       (5, 48, 8),
       -- 6. 유럽 럭셔리 (CATEGORY - 유럽 장거리 고급 상품)
       (6, 20, 1),
       (6, 38, 2),
       (6, 21, 3),
       (6, 34, 4),
       (6, 22, 5),
       (6, 46, 6),
       (6, 23, 7),
       (6, 47, 8),
       -- 7. 봄 여행 특가 이벤트 (EVENT - 봄 시즌)
       (7, 1, 1),
       (7, 27, 2),
       (7, 3, 3),
       (7, 35, 4),
       (7, 11, 5),
       (7, 40, 6),
       (7, 13, 7),
       (7, 48, 8),
       -- 8. 여름 휴가 대전 (EVENT - 여름 휴양지)
       (8, 14, 1),
       (8, 27, 2),
       (8, 15, 3),
       (8, 35, 4),
       (8, 11, 5),
       (8, 44, 6),
       (8, 3, 7),
       (8, 28, 8),
       -- 9. 3월 프로모션 (PROMOTION - 할인 상품)
       (9, 10, 1),
       (9, 36, 2),
       (9, 9, 3),
       (9, 29, 4),
       (9, 13, 5),
       (9, 37, 6),
       (9, 5, 7),
       (9, 49, 8),
       -- 10. 얼리버드 특가 (PROMOTION - 조기 예약)
       (10, 1, 1),
       (10, 26, 2),
       (10, 3, 3),
       (10, 27, 4),
       (10, 11, 5),
       (10, 35, 6),
       (10, 13, 7),
       (10, 40, 8),
       -- 11. 최근 본 상품과 유사한 상품 (MY_PAGE)
       (11, 1, 1),
       (11, 3, 2),
       (11, 11, 3),
       (11, 13, 4),
       (11, 26, 5),
       (11, 27, 6),
       (11, 35, 7),
       (11, 40, 8),
       -- 12. 회원님을 위한 맞춤 추천 (MY_PAGE)
       (12, 10, 1),
       (12, 13, 2),
       (12, 9, 3),
       (12, 36, 4),
       (12, 5, 5),
       (12, 37, 6),
       (12, 29, 7),
       (12, 49, 8);

INSERT INTO users (id, name, phone, gender, birthday, created_at, updated_at)
VALUES (1, '6f41476f7a298cd9384e1bbaf98086f2', 'b43d8c3d6e01842b9bc4a4cb1dfeea4a', 'MALE', '1990-01-01', NOW(6),
        NOW(6));

INSERT INTO user_credential (user_id, email, password, verified_at, created_at)
VALUES (1, '80642c37a554627b6c373f0ac14538f45b3359c793f56f9474d0ff43d7ef179d',
        '$2a$10$CUNldObv2DnCJTpB5yYzL.zlWwxC2zj/gYSsJ14mY687edZrCtxwm', NOW(6), NOW(6));

INSERT INTO user_role (user_id, role_id)
VALUES (1, 3);

INSERT INTO user_permission (user_id, permission_id)
VALUES (1, 3),
       (1, 4);

ALTER TABLE permission AUTO_INCREMENT = 51;
ALTER TABLE role AUTO_INCREMENT = 51;
ALTER TABLE menu AUTO_INCREMENT = 51;
ALTER TABLE company AUTO_INCREMENT = 51;
ALTER TABLE delivery_address AUTO_INCREMENT = 51;
ALTER TABLE product AUTO_INCREMENT = 101;
ALTER TABLE curation AUTO_INCREMENT = 51;
ALTER TABLE order_product AUTO_INCREMENT = 51;
ALTER TABLE curation_product AUTO_INCREMENT = 101;